user_id,platform,install_date
user_0,TikTok,2025-06-28
user_1,Google UAC,2025-06-30
user_2,Meta,2025-07-04
user_3,TikTok,2025-07-17
user_4,TikTok,2025-06-29
user_5,Meta,2025-07-05
user_6,TikTok,2025-07-18
user_7,TikTok,2025-07-20
user_8,Meta,2025-07-18
user_9,Meta,2025-06-24
user_10,Meta,2025-07-03
user_11,TikTok,2025-07-11
user_12,TikTok,2025-06-26
user_13,Google UAC,2025-07-18
user_14,TikTok,2025-07-13
user_15,Google UAC,2025-06-30
user_16,Google UAC,2025-06-26
user_17,TikTok,2025-07-19
user_18,Google UAC,2025-06-30
user_19,Google UAC,2025-07-14
user_20,Meta,2025-07-15
user_21,Google UAC,2025-07-16
user_22,Meta,2025-07-14
user_23,TikTok,2025-07-16
user_24,TikTok,2025-07-18
user_25,Google UAC,2025-07-12
user_26,Google UAC,2025-06-25
user_27,Google UAC,2025-07-09
user_28,Meta,2025-07-19
user_29,TikTok,2025-07-03
user_30,Meta,2025-07-01
user_31,Meta,2025-06-24
user_32,TikTok,2025-07-01
user_33,TikTok,2025-06-30
user_34,TikTok,2025-06-23
user_35,TikTok,2025-07-21
user_36,Google UAC,2025-06-30
user_37,Meta,2025-07-17
user_38,Google UAC,2025-06-25
user_39,Google UAC,2025-07-10
user_40,TikTok,2025-07-04
user_41,Google UAC,2025-07-22
user_42,Meta,2025-06-24
user_43,Google UAC,2025-06-27
user_44,Google UAC,2025-07-19
user_45,TikTok,2025-07-21
user_46,TikTok,2025-07-02
user_47,TikTok,2025-07-15
user_48,TikTok,2025-07-07
user_49,Meta,2025-07-08
user_50,Google UAC,2025-06-30
user_51,Google UAC,2025-07-13
user_52,TikTok,2025-07-15
user_53,TikTok,2025-07-14
user_54,Meta,2025-06-30
user_55,TikTok,2025-07-10
user_56,TikTok,2025-07-04
user_57,Google UAC,2025-07-19
user_58,Meta,2025-07-01
user_59,TikTok,2025-07-18
user_60,Google UAC,2025-07-02
user_61,Google UAC,2025-07-09
user_62,Google UAC,2025-07-18
user_63,TikTok,2025-07-14
user_64,Meta,2025-06-29
user_65,Meta,2025-07-07
user_66,TikTok,2025-06-29
user_67,TikTok,2025-07-11
user_68,Meta,2025-07-19
user_69,Google UAC,2025-07-21
user_70,Meta,2025-07-22
user_71,Google UAC,2025-06-25
user_72,Meta,2025-07-19
user_73,Meta,2025-06-29
user_74,TikTok,2025-07-06
user_75,Google UAC,2025-07-16
user_76,Google UAC,2025-07-04
user_77,TikTok,2025-06-24
user_78,Google UAC,2025-06-27
user_79,Google UAC,2025-06-30
user_80,Meta,2025-07-15
user_81,Google UAC,2025-07-04
user_82,Google UAC,2025-07-07
user_83,TikTok,2025-06-26
user_84,TikTok,2025-07-14
user_85,TikTok,2025-07-05
user_86,Meta,2025-06-23
user_87,TikTok,2025-07-02
user_88,Meta,2025-06-24
user_89,Google UAC,2025-06-25
user_90,Meta,2025-06-24
user_91,Meta,2025-07-19
user_92,Google UAC,2025-07-05
user_93,TikTok,2025-07-10
user_94,Google UAC,2025-07-19
user_95,Google UAC,2025-07-06
user_96,TikTok,2025-07-22
user_97,TikTok,2025-07-21
user_98,Meta,2025-07-13
user_99,TikTok,2025-07-08
user_100,Google UAC,2025-07-17
user_101,Meta,2025-07-22
user_102,TikTok,2025-06-29
user_103,TikTok,2025-06-23
user_104,Meta,2025-07-09
user_105,Google UAC,2025-07-05
user_106,Meta,2025-07-16
user_107,Meta,2025-07-10
user_108,Meta,2025-07-22
user_109,TikTok,2025-07-17
user_110,TikTok,2025-07-13
user_111,Meta,2025-07-07
user_112,TikTok,2025-07-07
user_113,TikTok,2025-07-17
user_114,Google UAC,2025-07-18
user_115,TikTok,2025-07-21
user_116,TikTok,2025-07-03
user_117,Meta,2025-06-29
user_118,Google UAC,2025-07-06
user_119,Google UAC,2025-07-22
user_120,TikTok,2025-06-24
user_121,TikTok,2025-06-29
user_122,Google UAC,2025-06-30
user_123,TikTok,2025-07-14
user_124,TikTok,2025-07-11
user_125,TikTok,2025-07-06
user_126,Meta,2025-07-03
user_127,Meta,2025-07-17
user_128,Meta,2025-07-01
user_129,TikTok,2025-07-18
user_130,Google UAC,2025-07-16
user_131,Meta,2025-06-27
user_132,TikTok,2025-07-14
user_133,Google UAC,2025-07-15
user_134,TikTok,2025-07-01
user_135,Google UAC,2025-07-12
user_136,Meta,2025-07-09
user_137,TikTok,2025-07-19
user_138,Meta,2025-06-25
user_139,Meta,2025-07-10
user_140,Meta,2025-07-09
user_141,Google UAC,2025-06-25
user_142,Meta,2025-07-05
user_143,TikTok,2025-07-07
user_144,TikTok,2025-07-01
user_145,Meta,2025-06-27
user_146,Meta,2025-07-03
user_147,TikTok,2025-07-16
user_148,Google UAC,2025-07-19
user_149,TikTok,2025-07-01
user_150,Google UAC,2025-07-17
user_151,Meta,2025-07-04
user_152,Meta,2025-07-01
user_153,Google UAC,2025-06-30
user_154,TikTok,2025-06-27
user_155,Google UAC,2025-07-19
user_156,Meta,2025-07-16
user_157,Google UAC,2025-06-28
user_158,Google UAC,2025-06-27
user_159,Meta,2025-07-10
user_160,Meta,2025-06-27
user_161,TikTok,2025-07-20
user_162,TikTok,2025-07-05
user_163,TikTok,2025-07-10
user_164,TikTok,2025-07-22
user_165,TikTok,2025-07-11
user_166,Meta,2025-06-25
user_167,Meta,2025-06-30
user_168,Google UAC,2025-07-05
user_169,TikTok,2025-06-23
user_170,Meta,2025-07-16
user_171,Google UAC,2025-07-08
user_172,TikTok,2025-07-19
user_173,Google UAC,2025-07-08
user_174,TikTok,2025-07-05
user_175,Google UAC,2025-07-05
user_176,TikTok,2025-07-13
user_177,Meta,2025-06-26
user_178,Google UAC,2025-07-19
user_179,Meta,2025-07-20
user_180,Google UAC,2025-06-27
user_181,Google UAC,2025-07-05
user_182,Meta,2025-07-17
user_183,Google UAC,2025-07-15
user_184,Meta,2025-07-02
user_185,Google UAC,2025-07-13
user_186,Meta,2025-06-29
user_187,Google UAC,2025-07-10
user_188,Meta,2025-07-06
user_189,TikTok,2025-07-21
user_190,Google UAC,2025-06-24
user_191,TikTok,2025-07-06
user_192,Google UAC,2025-07-09
user_193,TikTok,2025-07-09
user_194,Google UAC,2025-06-24
user_195,TikTok,2025-06-25
user_196,Meta,2025-07-11
user_197,Meta,2025-06-29
user_198,Meta,2025-07-01
user_199,Meta,2025-07-20
user_200,Google UAC,2025-07-22
user_201,TikTok,2025-07-21
user_202,Meta,2025-06-26
user_203,Meta,2025-06-26
user_204,Google UAC,2025-07-09
user_205,Meta,2025-07-09
user_206,Meta,2025-07-14
user_207,TikTok,2025-07-14
user_208,Meta,2025-07-16
user_209,Google UAC,2025-07-10
user_210,Meta,2025-07-06
user_211,Google UAC,2025-07-21
user_212,Google UAC,2025-06-25
user_213,TikTok,2025-07-04
user_214,Google UAC,2025-07-21
user_215,Google UAC,2025-06-23
user_216,Meta,2025-07-07
user_217,Google UAC,2025-07-11
user_218,Google UAC,2025-07-18
user_219,Google UAC,2025-07-18
user_220,Meta,2025-07-06
user_221,Meta,2025-07-21
user_222,TikTok,2025-06-25
user_223,TikTok,2025-07-01
user_224,Google UAC,2025-07-07
user_225,Google UAC,2025-07-21
user_226,TikTok,2025-07-03
user_227,Meta,2025-07-07
user_228,Meta,2025-07-12
user_229,Meta,2025-07-03
user_230,Google UAC,2025-06-25
user_231,TikTok,2025-07-22
user_232,TikTok,2025-07-13
user_233,Google UAC,2025-07-08
user_234,TikTok,2025-07-19
user_235,Meta,2025-07-11
user_236,TikTok,2025-06-27
user_237,Google UAC,2025-07-19
user_238,TikTok,2025-07-18
user_239,Meta,2025-07-07
user_240,Meta,2025-07-21
user_241,Google UAC,2025-07-09
user_242,TikTok,2025-07-16
user_243,Meta,2025-07-07
user_244,Google UAC,2025-06-30
user_245,Meta,2025-07-17
user_246,TikTok,2025-07-21
user_247,TikTok,2025-06-30
user_248,Google UAC,2025-07-19
user_249,Meta,2025-07-10
user_250,Google UAC,2025-06-25
user_251,TikTok,2025-07-04
user_252,TikTok,2025-07-16
user_253,Meta,2025-06-25
user_254,Meta,2025-07-07
user_255,TikTok,2025-07-22
user_256,Meta,2025-06-29
user_257,TikTok,2025-07-22
user_258,TikTok,2025-06-28
user_259,TikTok,2025-07-20
user_260,Google UAC,2025-07-14
user_261,Meta,2025-07-13
user_262,TikTok,2025-06-24
user_263,Google UAC,2025-07-05
user_264,TikTok,2025-06-30
user_265,TikTok,2025-07-10
user_266,Meta,2025-07-10
user_267,Meta,2025-07-07
user_268,Google UAC,2025-06-28
user_269,Google UAC,2025-07-05
user_270,TikTok,2025-06-23
user_271,Meta,2025-07-01
user_272,Google UAC,2025-07-14
user_273,Google UAC,2025-07-16
user_274,TikTok,2025-07-09
user_275,TikTok,2025-07-06
user_276,Google UAC,2025-07-08
user_277,Meta,2025-07-14
user_278,TikTok,2025-07-02
user_279,Meta,2025-07-20
user_280,TikTok,2025-06-24
user_281,TikTok,2025-06-23
user_282,TikTok,2025-07-05
user_283,Meta,2025-06-23
user_284,TikTok,2025-07-12
user_285,Meta,2025-07-14
user_286,Google UAC,2025-06-24
user_287,Meta,2025-06-29
user_288,Meta,2025-07-06
user_289,Meta,2025-07-10
user_290,Google UAC,2025-06-24
user_291,Meta,2025-07-15
user_292,TikTok,2025-06-30
user_293,Google UAC,2025-07-21
user_294,Google UAC,2025-07-19
user_295,Meta,2025-07-01
user_296,Meta,2025-07-01
user_297,Google UAC,2025-07-01
user_298,Meta,2025-07-04
user_299,Meta,2025-07-20
user_300,Meta,2025-07-12
user_301,Meta,2025-07-07
user_302,Google UAC,2025-06-29
user_303,Google UAC,2025-07-12
user_304,Meta,2025-07-18
user_305,Meta,2025-07-18
user_306,Google UAC,2025-06-25
user_307,Google UAC,2025-07-01
user_308,Meta,2025-07-06
user_309,Google UAC,2025-07-10
user_310,Meta,2025-07-04
user_311,Google UAC,2025-07-04
user_312,TikTok,2025-07-17
user_313,TikTok,2025-07-11
user_314,Meta,2025-07-11
user_315,Google UAC,2025-07-06
user_316,TikTok,2025-06-30
user_317,TikTok,2025-07-15
user_318,TikTok,2025-07-15
user_319,Google UAC,2025-07-04
user_320,Meta,2025-06-28
user_321,Meta,2025-07-11
user_322,Meta,2025-06-27
user_323,TikTok,2025-07-19
user_324,Google UAC,2025-07-20
user_325,Meta,2025-07-11
user_326,Google UAC,2025-07-21
user_327,TikTok,2025-07-14
user_328,Google UAC,2025-07-07
user_329,TikTok,2025-06-29
user_330,TikTok,2025-07-22
user_331,TikTok,2025-07-18
user_332,TikTok,2025-07-16
user_333,TikTok,2025-06-26
user_334,Meta,2025-07-12
user_335,Meta,2025-07-09
user_336,Google UAC,2025-07-01
user_337,Meta,2025-07-13
user_338,Meta,2025-06-26
user_339,Meta,2025-07-07
user_340,Meta,2025-06-26
user_341,Meta,2025-06-29
user_342,Meta,2025-07-11
user_343,Google UAC,2025-07-18
user_344,Meta,2025-07-21
user_345,Google UAC,2025-07-05
user_346,Meta,2025-06-30
user_347,TikTok,2025-07-07
user_348,TikTok,2025-06-25
user_349,Meta,2025-06-30
user_350,Meta,2025-07-15
user_351,Meta,2025-07-04
user_352,Meta,2025-07-06
user_353,Meta,2025-07-15
user_354,TikTok,2025-06-27
user_355,Meta,2025-07-05
user_356,TikTok,2025-07-22
user_357,Meta,2025-07-20
user_358,TikTok,2025-07-07
user_359,Meta,2025-07-16
user_360,Google UAC,2025-07-17
user_361,Meta,2025-06-29
user_362,Meta,2025-07-09
user_363,Google UAC,2025-07-17
user_364,TikTok,2025-07-20
user_365,Meta,2025-06-25
user_366,TikTok,2025-06-27
user_367,Google UAC,2025-06-23
user_368,TikTok,2025-07-15
user_369,Google UAC,2025-07-03
user_370,Meta,2025-06-25
user_371,Meta,2025-07-06
user_372,Meta,2025-07-21
user_373,Meta,2025-07-04
user_374,Meta,2025-07-01
user_375,TikTok,2025-06-27
user_376,Google UAC,2025-07-04
user_377,TikTok,2025-07-17
user_378,Meta,2025-07-12
user_379,TikTok,2025-07-03
user_380,TikTok,2025-07-07
user_381,TikTok,2025-07-04
user_382,TikTok,2025-07-09
user_383,TikTok,2025-07-16
user_384,Google UAC,2025-07-07
user_385,Meta,2025-07-04
user_386,Google UAC,2025-07-21
user_387,Meta,2025-07-06
user_388,Meta,2025-07-01
user_389,Google UAC,2025-06-27
user_390,Meta,2025-07-21
user_391,TikTok,2025-07-15
user_392,Google UAC,2025-06-28
user_393,TikTok,2025-07-13
user_394,Google UAC,2025-06-27
user_395,TikTok,2025-07-09
user_396,Google UAC,2025-07-06
user_397,Meta,2025-07-12
user_398,TikTok,2025-07-10
user_399,Google UAC,2025-07-03
user_400,Meta,2025-06-24
user_401,TikTok,2025-07-10
user_402,TikTok,2025-07-17
user_403,Google UAC,2025-07-16
user_404,Google UAC,2025-07-03
user_405,Meta,2025-07-15
user_406,Meta,2025-07-12
user_407,Google UAC,2025-07-22
user_408,TikTok,2025-07-12
user_409,Meta,2025-07-02
user_410,Google UAC,2025-06-30
user_411,Meta,2025-07-13
user_412,TikTok,2025-07-15
user_413,TikTok,2025-06-28
user_414,TikTok,2025-07-07
user_415,Meta,2025-07-07
user_416,Meta,2025-06-23
user_417,Google UAC,2025-07-15
user_418,Meta,2025-07-03
user_419,Meta,2025-07-22
user_420,Meta,2025-07-10
user_421,TikTok,2025-07-18
user_422,Google UAC,2025-06-30
user_423,TikTok,2025-07-04
user_424,Google UAC,2025-06-30
user_425,TikTok,2025-07-06
user_426,TikTok,2025-06-23
user_427,Google UAC,2025-07-08
user_428,Meta,2025-07-13
user_429,TikTok,2025-07-01
user_430,Meta,2025-07-22
user_431,Meta,2025-07-10
user_432,Meta,2025-07-01
user_433,TikTok,2025-07-01
user_434,TikTok,2025-07-08
user_435,TikTok,2025-07-01
user_436,TikTok,2025-07-05
user_437,Google UAC,2025-07-01
user_438,Google UAC,2025-06-26
user_439,Meta,2025-07-21
user_440,Meta,2025-07-06
user_441,Meta,2025-07-11
user_442,Meta,2025-06-24
user_443,Meta,2025-07-05
user_444,TikTok,2025-07-15
user_445,Google UAC,2025-07-05
user_446,Google UAC,2025-06-23
user_447,Meta,2025-07-14
user_448,Google UAC,2025-07-17
user_449,TikTok,2025-07-07
user_450,TikTok,2025-07-04
user_451,Meta,2025-06-29
user_452,Google UAC,2025-07-13
user_453,Google UAC,2025-07-20
user_454,TikTok,2025-07-17
user_455,TikTok,2025-07-09
user_456,TikTok,2025-06-25
user_457,Meta,2025-07-18
user_458,Google UAC,2025-06-25
user_459,Meta,2025-07-06
user_460,Meta,2025-06-24
user_461,Meta,2025-07-01
user_462,Google UAC,2025-07-13
user_463,Meta,2025-06-30
user_464,Meta,2025-06-28
user_465,TikTok,2025-07-21
user_466,Meta,2025-07-17
user_467,TikTok,2025-06-24
user_468,TikTok,2025-07-07
user_469,Google UAC,2025-07-03
user_470,Google UAC,2025-06-28
user_471,Meta,2025-07-10
user_472,Google UAC,2025-07-03
user_473,TikTok,2025-07-13
user_474,Google UAC,2025-07-03
user_475,Google UAC,2025-07-08
user_476,Google UAC,2025-07-13
user_477,Google UAC,2025-07-17
user_478,Google UAC,2025-07-11
user_479,Google UAC,2025-06-26
user_480,TikTok,2025-07-05
user_481,Meta,2025-07-11
user_482,Meta,2025-07-06
user_483,TikTok,2025-06-26
user_484,TikTok,2025-07-12
user_485,Meta,2025-07-19
user_486,TikTok,2025-07-07
user_487,Google UAC,2025-06-30
user_488,Meta,2025-06-26
user_489,Meta,2025-07-10
user_490,Meta,2025-07-09
user_491,TikTok,2025-06-26
user_492,Meta,2025-07-17
user_493,Meta,2025-07-03
user_494,Google UAC,2025-07-04
user_495,Meta,2025-06-29
user_496,TikTok,2025-06-29
user_497,Google UAC,2025-07-16
user_498,TikTok,2025-07-02
user_499,TikTok,2025-07-02
user_500,Meta,2025-06-29
user_501,Meta,2025-06-23
user_502,TikTok,2025-07-02
user_503,Google UAC,2025-07-19
user_504,TikTok,2025-07-15
user_505,Meta,2025-07-14
user_506,TikTok,2025-07-14
user_507,TikTok,2025-07-18
user_508,TikTok,2025-07-07
user_509,Meta,2025-07-16
user_510,Meta,2025-07-17
user_511,TikTok,2025-07-02
user_512,TikTok,2025-07-18
user_513,Google UAC,2025-06-27
user_514,Meta,2025-07-16
user_515,Google UAC,2025-06-26
user_516,Google UAC,2025-07-02
user_517,TikTok,2025-07-10
user_518,Google UAC,2025-06-26
user_519,Meta,2025-06-23
user_520,Google UAC,2025-07-10
user_521,TikTok,2025-07-07
user_522,TikTok,2025-06-25
user_523,Meta,2025-06-23
user_524,Google UAC,2025-07-13
user_525,TikTok,2025-07-14
user_526,TikTok,2025-07-07
user_527,Google UAC,2025-07-20
user_528,Google UAC,2025-07-03
user_529,Meta,2025-07-01
user_530,Meta,2025-07-05
user_531,TikTok,2025-07-17
user_532,Meta,2025-07-17
user_533,Meta,2025-06-25
user_534,Google UAC,2025-07-13
user_535,Meta,2025-06-25
user_536,Meta,2025-07-14
user_537,TikTok,2025-06-29
user_538,TikTok,2025-07-09
user_539,Google UAC,2025-06-29
user_540,Meta,2025-07-11
user_541,Meta,2025-06-28
user_542,Meta,2025-06-29
user_543,TikTok,2025-07-06
user_544,TikTok,2025-06-23
user_545,Google UAC,2025-07-01
user_546,TikTok,2025-07-19
user_547,Meta,2025-07-01
user_548,Google UAC,2025-06-26
user_549,TikTok,2025-07-09
user_550,Meta,2025-07-20
user_551,TikTok,2025-07-04
user_552,Google UAC,2025-07-13
user_553,Meta,2025-06-30
user_554,Meta,2025-06-25
user_555,Meta,2025-07-04
user_556,TikTok,2025-07-18
user_557,Google UAC,2025-07-14
user_558,Meta,2025-06-24
user_559,Google UAC,2025-07-04
user_560,Meta,2025-06-28
user_561,TikTok,2025-06-25
user_562,Meta,2025-07-15
user_563,Meta,2025-07-12
user_564,Meta,2025-07-04
user_565,Meta,2025-06-26
user_566,TikTok,2025-07-05
user_567,TikTok,2025-07-07
user_568,TikTok,2025-07-15
user_569,Meta,2025-07-22
user_570,Meta,2025-07-17
user_571,Google UAC,2025-07-08
user_572,TikTok,2025-07-08
user_573,Google UAC,2025-07-08
user_574,Meta,2025-07-05
user_575,Google UAC,2025-07-20
user_576,Google UAC,2025-06-30
user_577,Meta,2025-06-27
user_578,TikTok,2025-07-17
user_579,Meta,2025-07-13
user_580,Meta,2025-07-14
user_581,Meta,2025-06-30
user_582,Google UAC,2025-06-23
user_583,TikTok,2025-07-08
user_584,Meta,2025-07-12
user_585,Meta,2025-07-21
user_586,Meta,2025-06-26
user_587,TikTok,2025-07-15
user_588,Meta,2025-07-05
user_589,Meta,2025-07-01
user_590,TikTok,2025-06-24
user_591,Google UAC,2025-07-17
user_592,TikTok,2025-06-23
user_593,Google UAC,2025-06-25
user_594,Meta,2025-07-15
user_595,Meta,2025-06-26
user_596,Meta,2025-07-15
user_597,Meta,2025-06-25
user_598,Meta,2025-07-03
user_599,Google UAC,2025-07-14
user_600,TikTok,2025-07-12
user_601,Meta,2025-07-04
user_602,Google UAC,2025-07-09
user_603,Meta,2025-06-28
user_604,Meta,2025-07-05
user_605,Google UAC,2025-07-22
user_606,Meta,2025-07-22
user_607,Meta,2025-06-28
user_608,Google UAC,2025-07-08
user_609,Google UAC,2025-07-12
user_610,Meta,2025-07-01
user_611,Google UAC,2025-07-13
user_612,Google UAC,2025-06-24
user_613,Google UAC,2025-06-24
user_614,Google UAC,2025-07-10
user_615,Meta,2025-07-12
user_616,Meta,2025-07-02
user_617,TikTok,2025-06-24
user_618,TikTok,2025-07-21
user_619,Meta,2025-06-23
user_620,Google UAC,2025-07-06
user_621,TikTok,2025-07-06
user_622,Meta,2025-07-06
user_623,TikTok,2025-07-12
user_624,Google UAC,2025-06-25
user_625,TikTok,2025-06-28
user_626,TikTok,2025-07-05
user_627,TikTok,2025-06-24
user_628,TikTok,2025-06-24
user_629,TikTok,2025-07-07
user_630,TikTok,2025-07-20
user_631,TikTok,2025-07-06
user_632,Meta,2025-07-21
user_633,Google UAC,2025-06-28
user_634,TikTok,2025-07-03
user_635,Meta,2025-06-24
user_636,Google UAC,2025-07-11
user_637,Google UAC,2025-07-11
user_638,TikTok,2025-07-11
user_639,Meta,2025-07-02
user_640,TikTok,2025-06-24
user_641,Meta,2025-07-03
user_642,Meta,2025-07-21
user_643,Google UAC,2025-07-16
user_644,Google UAC,2025-07-01
user_645,Google UAC,2025-07-11
user_646,TikTok,2025-06-25
user_647,TikTok,2025-07-01
user_648,Meta,2025-07-06
user_649,Google UAC,2025-06-29
user_650,TikTok,2025-06-26
user_651,Google UAC,2025-06-30
user_652,TikTok,2025-06-27
user_653,Google UAC,2025-07-20
user_654,TikTok,2025-07-12
user_655,Meta,2025-06-29
user_656,Meta,2025-06-27
user_657,Google UAC,2025-07-22
user_658,TikTok,2025-06-25
user_659,Google UAC,2025-07-19
user_660,Meta,2025-07-06
user_661,Google UAC,2025-06-27
user_662,TikTok,2025-07-14
user_663,TikTok,2025-07-22
user_664,Google UAC,2025-06-24
user_665,Meta,2025-07-19
user_666,TikTok,2025-07-14
user_667,Meta,2025-07-07
user_668,TikTok,2025-07-02
user_669,Google UAC,2025-07-18
user_670,Google UAC,2025-06-27
user_671,TikTok,2025-07-05
user_672,TikTok,2025-07-18
user_673,Meta,2025-07-05
user_674,TikTok,2025-07-13
user_675,Meta,2025-06-27
user_676,TikTok,2025-06-26
user_677,TikTok,2025-06-25
user_678,TikTok,2025-07-20
user_679,Google UAC,2025-07-13
user_680,Google UAC,2025-07-13
user_681,Meta,2025-07-22
user_682,Meta,2025-07-12
user_683,Meta,2025-06-30
user_684,Google UAC,2025-07-01
user_685,TikTok,2025-07-12
user_686,TikTok,2025-06-28
user_687,Meta,2025-07-13
user_688,Meta,2025-07-05
user_689,TikTok,2025-07-01
user_690,TikTok,2025-07-16
user_691,TikTok,2025-07-01
user_692,TikTok,2025-06-24
user_693,TikTok,2025-06-23
user_694,Meta,2025-07-10
user_695,Meta,2025-07-20
user_696,TikTok,2025-07-20
user_697,Google UAC,2025-07-15
user_698,Meta,2025-06-30
user_699,Google UAC,2025-07-14
user_700,TikTok,2025-07-07
user_701,TikTok,2025-07-20
user_702,Google UAC,2025-07-16
user_703,TikTok,2025-07-11
user_704,TikTok,2025-07-04
user_705,TikTok,2025-07-15
user_706,TikTok,2025-06-30
user_707,TikTok,2025-06-30
user_708,TikTok,2025-07-15
user_709,Google UAC,2025-06-23
user_710,TikTok,2025-07-11
user_711,Google UAC,2025-07-16
user_712,TikTok,2025-06-27
user_713,TikTok,2025-06-30
user_714,Meta,2025-07-06
user_715,Google UAC,2025-07-12
user_716,Google UAC,2025-07-11
user_717,Google UAC,2025-07-11
user_718,Google UAC,2025-07-03
user_719,Meta,2025-06-27
user_720,TikTok,2025-07-22
user_721,Meta,2025-06-30
user_722,Meta,2025-06-28
user_723,Google UAC,2025-07-08
user_724,TikTok,2025-06-30
user_725,TikTok,2025-07-01
user_726,Meta,2025-07-07
user_727,Meta,2025-06-25
user_728,TikTok,2025-06-26
user_729,Meta,2025-06-26
user_730,Meta,2025-07-01
user_731,TikTok,2025-07-17
user_732,Meta,2025-07-15
user_733,Meta,2025-07-10
user_734,Meta,2025-07-13
user_735,Google UAC,2025-06-30
user_736,Meta,2025-07-14
user_737,TikTok,2025-07-13
user_738,Google UAC,2025-07-08
user_739,Meta,2025-07-03
user_740,Meta,2025-07-07
user_741,TikTok,2025-06-30
user_742,Meta,2025-07-15
user_743,TikTok,2025-07-17
user_744,Google UAC,2025-07-06
user_745,Meta,2025-07-17
user_746,Meta,2025-07-14
user_747,Meta,2025-07-12
user_748,TikTok,2025-07-04
user_749,Google UAC,2025-07-06
user_750,TikTok,2025-07-16
user_751,TikTok,2025-06-25
user_752,Meta,2025-07-22
user_753,Google UAC,2025-06-29
user_754,TikTok,2025-07-04
user_755,TikTok,2025-07-07
user_756,Meta,2025-07-13
user_757,TikTok,2025-07-22
user_758,TikTok,2025-07-22
user_759,Meta,2025-06-30
user_760,Meta,2025-06-29
user_761,Google UAC,2025-07-04
user_762,Google UAC,2025-07-14
user_763,Meta,2025-07-03
user_764,TikTok,2025-07-14
user_765,TikTok,2025-07-05
user_766,Meta,2025-06-24
user_767,TikTok,2025-07-13
user_768,Google UAC,2025-07-12
user_769,Google UAC,2025-07-10
user_770,Google UAC,2025-07-07
user_771,Google UAC,2025-07-15
user_772,TikTok,2025-07-14
user_773,Google UAC,2025-06-27
user_774,TikTok,2025-06-23
user_775,Google UAC,2025-07-14
user_776,Google UAC,2025-07-15
user_777,TikTok,2025-07-22
user_778,Google UAC,2025-07-04
user_779,Google UAC,2025-07-17
user_780,TikTok,2025-07-07
user_781,Meta,2025-07-18
user_782,TikTok,2025-07-04
user_783,TikTok,2025-06-25
user_784,TikTok,2025-06-26
user_785,Google UAC,2025-07-02
user_786,Meta,2025-07-03
user_787,TikTok,2025-07-02
user_788,TikTok,2025-07-06
user_789,Google UAC,2025-07-19
user_790,Google UAC,2025-06-24
user_791,TikTok,2025-07-08
user_792,TikTok,2025-07-01
user_793,Meta,2025-07-02
user_794,Meta,2025-07-18
user_795,Meta,2025-07-04
user_796,TikTok,2025-07-06
user_797,Meta,2025-07-17
user_798,Meta,2025-07-13
user_799,TikTok,2025-07-12
user_800,Google UAC,2025-07-08
user_801,Google UAC,2025-07-15
user_802,Meta,2025-07-16
user_803,Google UAC,2025-06-27
user_804,Meta,2025-06-26
user_805,Google UAC,2025-07-21
user_806,Meta,2025-07-16
user_807,Meta,2025-06-25
user_808,Meta,2025-06-27
user_809,Meta,2025-07-13
user_810,Meta,2025-06-30
user_811,Google UAC,2025-07-13
user_812,Meta,2025-06-28
user_813,Meta,2025-06-26
user_814,TikTok,2025-07-05
user_815,TikTok,2025-07-15
user_816,Google UAC,2025-06-26
user_817,TikTok,2025-07-06
user_818,Google UAC,2025-07-16
user_819,TikTok,2025-07-08
user_820,Meta,2025-07-15
user_821,Meta,2025-07-16
user_822,Meta,2025-07-22
user_823,Meta,2025-07-11
user_824,Google UAC,2025-07-20
user_825,Google UAC,2025-07-09
user_826,Google UAC,2025-07-06
user_827,Google UAC,2025-07-14
user_828,TikTok,2025-07-04
user_829,Meta,2025-07-18
user_830,Meta,2025-07-13
user_831,Google UAC,2025-06-26
user_832,Google UAC,2025-07-08
user_833,TikTok,2025-06-26
user_834,Meta,2025-07-15
user_835,TikTok,2025-07-15
user_836,TikTok,2025-07-10
user_837,Google UAC,2025-07-12
user_838,TikTok,2025-07-19
user_839,Google UAC,2025-07-07
user_840,Google UAC,2025-07-17
user_841,Meta,2025-07-05
user_842,TikTok,2025-07-09
user_843,Meta,2025-06-26
user_844,Google UAC,2025-07-19
user_845,Google UAC,2025-06-28
user_846,Google UAC,2025-07-06
user_847,Google UAC,2025-06-29
user_848,TikTok,2025-07-18
user_849,TikTok,2025-07-17
user_850,TikTok,2025-07-02
user_851,Meta,2025-06-25
user_852,TikTok,2025-07-03
user_853,TikTok,2025-07-22
user_854,Meta,2025-07-14
user_855,TikTok,2025-06-28
user_856,TikTok,2025-07-19
user_857,TikTok,2025-07-11
user_858,TikTok,2025-07-11
user_859,Meta,2025-06-25
user_860,Meta,2025-07-18
user_861,Google UAC,2025-06-27
user_862,TikTok,2025-06-27
user_863,TikTok,2025-07-13
user_864,Meta,2025-06-27
user_865,Meta,2025-07-18
user_866,Meta,2025-06-29
user_867,Google UAC,2025-07-10
user_868,Google UAC,2025-06-23
user_869,TikTok,2025-06-26
user_870,Meta,2025-07-01
user_871,Meta,2025-07-06
user_872,TikTok,2025-07-12
user_873,TikTok,2025-06-26
user_874,TikTok,2025-07-22
user_875,Meta,2025-07-22
user_876,Meta,2025-07-20
user_877,Google UAC,2025-06-25
user_878,Google UAC,2025-07-20
user_879,Meta,2025-07-16
user_880,Meta,2025-07-08
user_881,Meta,2025-07-02
user_882,TikTok,2025-07-05
user_883,Meta,2025-07-04
user_884,TikTok,2025-07-05
user_885,Google UAC,2025-07-12
user_886,Meta,2025-07-18
user_887,Google UAC,2025-07-17
user_888,TikTok,2025-06-26
user_889,Meta,2025-06-23
user_890,Google UAC,2025-06-29
user_891,Meta,2025-07-07
user_892,Meta,2025-07-16
user_893,Google UAC,2025-07-12
user_894,Google UAC,2025-07-08
user_895,Google UAC,2025-07-13
user_896,Meta,2025-07-18
user_897,Meta,2025-07-17
user_898,TikTok,2025-07-18
user_899,TikTok,2025-07-10
user_900,TikTok,2025-06-25
user_901,Google UAC,2025-07-18
user_902,TikTok,2025-07-16
user_903,TikTok,2025-07-11
user_904,Google UAC,2025-07-17
user_905,TikTok,2025-07-04
user_906,TikTok,2025-07-21
user_907,TikTok,2025-06-23
user_908,Meta,2025-07-13
user_909,Google UAC,2025-07-02
user_910,TikTok,2025-06-29
user_911,Meta,2025-07-15
user_912,TikTok,2025-07-09
user_913,TikTok,2025-07-21
user_914,Meta,2025-07-20
user_915,Meta,2025-07-03
user_916,TikTok,2025-06-29
user_917,Meta,2025-07-09
user_918,TikTok,2025-06-24
user_919,Meta,2025-07-06
user_920,Meta,2025-06-24
user_921,TikTok,2025-07-02
user_922,TikTok,2025-06-27
user_923,Meta,2025-07-14
user_924,TikTok,2025-06-24
user_925,Meta,2025-06-24
user_926,Google UAC,2025-07-21
user_927,Google UAC,2025-07-14
user_928,Google UAC,2025-06-30
user_929,Meta,2025-07-20
user_930,Google UAC,2025-07-02
user_931,Google UAC,2025-07-11
user_932,Google UAC,2025-07-09
user_933,Google UAC,2025-07-13
user_934,Meta,2025-06-26
user_935,Meta,2025-07-12
user_936,Meta,2025-07-07
user_937,TikTok,2025-07-07
user_938,Meta,2025-07-12
user_939,Meta,2025-07-19
user_940,TikTok,2025-07-01
user_941,Meta,2025-07-20
user_942,Meta,2025-07-09
user_943,Google UAC,2025-06-24
user_944,TikTok,2025-07-16
user_945,Meta,2025-06-25
user_946,TikTok,2025-07-02
user_947,Google UAC,2025-06-28
user_948,Google UAC,2025-07-12
user_949,Google UAC,2025-07-17
user_950,Google UAC,2025-07-10
user_951,Google UAC,2025-07-11
user_952,TikTok,2025-07-11
user_953,Google UAC,2025-07-16
user_954,Meta,2025-06-30
user_955,TikTok,2025-06-26
user_956,TikTok,2025-07-13
user_957,Google UAC,2025-07-01
user_958,Google UAC,2025-07-07
user_959,Meta,2025-06-30
user_960,Meta,2025-07-02
user_961,Meta,2025-07-04
user_962,Meta,2025-06-29
user_963,Google UAC,2025-07-05
user_964,Google UAC,2025-07-19
user_965,Meta,2025-07-03
user_966,Meta,2025-06-23
user_967,TikTok,2025-07-15
user_968,TikTok,2025-07-20
user_969,Google UAC,2025-06-27
user_970,Meta,2025-06-28
user_971,Meta,2025-07-14
user_972,Google UAC,2025-07-01
user_973,Google UAC,2025-07-06
user_974,Google UAC,2025-07-08
user_975,TikTok,2025-07-05
user_976,Google UAC,2025-07-13
user_977,TikTok,2025-07-22
user_978,TikTok,2025-06-24
user_979,Meta,2025-07-18
user_980,Google UAC,2025-07-19
user_981,Google UAC,2025-07-19
user_982,TikTok,2025-07-17
user_983,Google UAC,2025-06-23
user_984,TikTok,2025-07-12
user_985,Meta,2025-07-18
user_986,Meta,2025-07-22
user_987,TikTok,2025-06-25
user_988,TikTok,2025-07-20
user_989,TikTok,2025-07-01
user_990,Meta,2025-07-10
user_991,Meta,2025-07-11
user_992,TikTok,2025-07-03
user_993,Meta,2025-07-07
user_994,TikTok,2025-07-13
user_995,Meta,2025-07-14
user_996,Google UAC,2025-07-04
user_997,Meta,2025-07-18
user_998,TikTok,2025-07-20
user_999,Meta,2025-07-22
